{"mean":{"confidence_interval":{"confidence_level":0.95,"lower_bound":21576.55397875388,"upper_bound":21737.133501067954},"point_estimate":21642.878099018704,"standard_error":41.53335448820652},"median":{"confidence_interval":{"confidence_level":0.95,"lower_bound":21561.108994609836,"upper_bound":21604.19765446224},"point_estimate":21579.640961662026,"standard_error":11.460224245603893},"median_abs_dev":{"confidence_interval":{"confidence_level":0.95,"lower_bound":70.5655127877318,"upper_bound":135.18096998815233},"point_estimate":102.3824661463589,"standard_error":17.489946861246636},"slope":{"confidence_interval":{"confidence_level":0.95,"lower_bound":21563.15857760596,"upper_bound":21607.349123697757},"point_estimate":21583.160026856676,"standard_error":11.313425163701229},"std_dev":{"confidence_interval":{"confidence_level":0.95,"lower_bound":148.50125889490738,"upper_bound":663.6206035226348},"point_estimate":415.60868728887004,"standard_error":156.50990135458002}}